seed,L_star_train,L_star_mse,L_budget,L_alt,rel_dloss_percent,norm_curve_distance
2,5283.187333376787,7.770158805191042,7.847860393242953,7.857088116962768,1.1187584958193006,0.0644995348498022
