seed,L_star_train,L_star_mse,L_budget,L_alt,rel_dloss_percent,norm_curve_distance
1,5806.109068367455,14.890611088085054,15.039517198965905,15.039638140552514,1.0008122002911364,0.06540024410775346
