seed,adam_loss,lbfgs_loss,mse_overall,mae_overall,r2_overall,mse_Never,mse_Exposed,mse_Presymptomatic,mse_Symptomatic,mse_Asymptomatic,mse_Deaths,elapsed_s,retcode
1,49674.768391337944,5806.109068367455,14.890611088085054,2.273669024544822,0.9999999999976903,26.37097248101968,27.13232411890885,1.4550339191025778,1.2883220948081415,1.0893409495967252,32.00767296507438,500.23973178863525,Success
2,44754.95304347766,5283.187333376787,7.770158805191042,1.6554289005699911,0.9999999999987947,13.507761600807736,18.353423593920105,1.101983566068358,0.9529537297057263,0.9905666453384462,11.714263695305888,336.6081290245056,Success
3,40277.17744758656,2459.603442374014,90.26663811356585,2.7618303448900003,0.9999999999859984,480.48527329345967,20.632540529712582,2.9018760984734957,3.650823794272133,4.425342034137651,29.503972931339714,340.70398592948914,Success
4,48873.39332475895,5761.447043266951,23.11055235807357,2.7984369475157176,0.9999999999964152,64.60098361121865,58.0670554987939,8.525441333544464,3.21863925466399,2.495042966134749,1.7561514840856571,301.34176111221313,Success
5,46281.16506562633,5424.998826949968,22.211092054714396,2.6964377519756484,0.9999999999965548,63.65621268214602,58.82168832000649,1.8012419395762442,1.228296914402913,1.2573138153848349,6.501798656769896,290.54950618743896,Success
