seed,L_star_train,L_star_mse,L_budget,L_alt,rel_dloss_percent,norm_curve_distance
4,5761.447043266951,23.11055235807357,23.341657881654307,83030.45938679457,359175.09693548386,2.9352283371275017e10
