seed,L_star_train,L_star_mse,L_budget,L_alt,rel_dloss_percent,norm_curve_distance
3,2459.603442374014,90.26663811356585,91.1693044947015,91.16942148542698,1.0001296057191447,0.054623181923574626
